image,label
000000_class224.jpg,74
000001_class049.jpg,351
000002_class281.jpg,267
000003_class167.jpg,14
000004_class310.jpg,389
000005_class136.jpg,60
000006_class128.jpg,148
000007_class283.jpg,56
000008_class174.jpg,57
000009_class232.jpg,297
000010_class360.jpg,169
000011_class046.jpg,200
000012_class305.jpg,180
000013_class251.jpg,206
000014_class365.jpg,384
000015_class393.jpg,7
000016_class361.jpg,150
000017_class267.jpg,63
000018_class028.jpg,380
000019_class294.jpg,294
000020_class134.jpg,294
000021_class384.jpg,384
000022_class372.jpg,68
000023_class034.jpg,300
000024_class139.jpg,389
000025_class047.jpg,300
000026_class199.jpg,279
000027_class261.jpg,253
000028_class195.jpg,298
000029_class207.jpg,207
000030_class240.jpg,257
000031_class125.jpg,133
000032_class122.jpg,188
000033_class372.jpg,97
000034_class336.jpg,277
000035_class067.jpg,173
000036_class202.jpg,329
000037_class226.jpg,369
000038_class390.jpg,389
000039_class329.jpg,304
000040_class202.jpg,356
000041_class275.jpg,247
000042_class327.jpg,391
000043_class107.jpg,122
000044_class375.jpg,370
000045_class101.jpg,350
000046_class317.jpg,103
000047_class211.jpg,92
000048_class313.jpg,299
000049_class073.jpg,139
000050_class132.jpg,109
000051_class212.jpg,273
000052_class089.jpg,171
000053_class072.jpg,139
000054_class308.jpg,4
000055_class385.jpg,138
000056_class083.jpg,320
000057_class138.jpg,103
000058_class082.jpg,253
000059_class372.jpg,372
000060_class390.jpg,390
000061_class199.jpg,263
000062_class018.jpg,30
000063_class201.jpg,278
000064_class200.jpg,200
000065_class183.jpg,171
000066_class239.jpg,170
000067_class258.jpg,139
000068_class098.jpg,57
000069_class373.jpg,91
000070_class141.jpg,257
000071_class351.jpg,377
000072_class313.jpg,138
000073_class155.jpg,110
000074_class346.jpg,362
000075_class385.jpg,44
000076_class350.jpg,118
000077_class224.jpg,138
000078_class339.jpg,172
000079_class386.jpg,376
000080_class325.jpg,366
000081_class058.jpg,329
000082_class187.jpg,110
000083_class038.jpg,166
000084_class318.jpg,224
000085_class206.jpg,206
000086_class264.jpg,124
000087_class199.jpg,139
000088_class199.jpg,149
000089_class012.jpg,60
000090_class338.jpg,359
000091_class338.jpg,124
000092_class363.jpg,389
000093_class246.jpg,246
000094_class057.jpg,161
000095_class390.jpg,257
000096_class216.jpg,189
000097_class375.jpg,368
000098_class316.jpg,188
000099_class100.jpg,21
000100_class126.jpg,310
000101_class375.jpg,26
000102_class199.jpg,321
000103_class227.jpg,308
000104_class052.jpg,52
000105_class289.jpg,226
000106_class037.jpg,279
000107_class339.jpg,229
000108_class126.jpg,78
000109_class149.jpg,335
000110_class105.jpg,298
000111_class379.jpg,216
000112_class093.jpg,188
000113_class148.jpg,207
000114_class165.jpg,362
000115_class020.jpg,144
000116_class183.jpg,338
000117_class151.jpg,148
000118_class144.jpg,207
000119_class285.jpg,247
000120_class059.jpg,145
000121_class327.jpg,171
000122_class214.jpg,188
000123_class230.jpg,297
000124_class381.jpg,148
000125_class239.jpg,138
000126_class321.jpg,342
000127_class073.jpg,118
000128_class373.jpg,74
000129_class191.jpg,313
000130_class251.jpg,188
000131_class192.jpg,36
000132_class135.jpg,229
000133_class282.jpg,21
000134_class312.jpg,235
000135_class100.jpg,315
000136_class051.jpg,249
000137_class073.jpg,95
000138_class122.jpg,166
000139_class058.jpg,143
000140_class253.jpg,253
000141_class381.jpg,298
000142_class305.jpg,189
000143_class369.jpg,361
000144_class072.jpg,44
000145_class025.jpg,60
000146_class302.jpg,171
000147_class098.jpg,370
000148_class229.jpg,21
000149_class243.jpg,14
000150_class330.jpg,282
000151_class278.jpg,257
000152_class274.jpg,148
000153_class000.jpg,308
000154_class159.jpg,161
000155_class117.jpg,124
000156_class033.jpg,150
000157_class294.jpg,30
000158_class306.jpg,384
000159_class084.jpg,161
000160_class288.jpg,288
000161_class032.jpg,161
000162_class385.jpg,161
000163_class312.jpg,312
000164_class211.jpg,54
000165_class102.jpg,74
000166_class321.jpg,342
000167_class169.jpg,282
000168_class202.jpg,362
000169_class094.jpg,154
000170_class118.jpg,74
000171_class338.jpg,77
000172_class142.jpg,38
000173_class039.jpg,344
000174_class237.jpg,110
000175_class359.jpg,273
000176_class334.jpg,59
000177_class169.jpg,356
000178_class037.jpg,37
000179_class140.jpg,20
000180_class242.jpg,139
000181_class225.jpg,110
000182_class395.jpg,330
000183_class131.jpg,21
000184_class380.jpg,380
000185_class104.jpg,247
000186_class261.jpg,269
000187_class054.jpg,356
000188_class167.jpg,5
000189_class374.jpg,30
000190_class161.jpg,161
000191_class167.jpg,313
000192_class217.jpg,123
000193_class075.jpg,75
000194_class331.jpg,335
000195_class054.jpg,174
000196_class341.jpg,371
000197_class229.jpg,143
000198_class058.jpg,380
000199_class240.jpg,346
000200_class331.jpg,332
000201_class227.jpg,228
000202_class033.jpg,16
000203_class203.jpg,45
000204_class184.jpg,235
000205_class113.jpg,15
000206_class348.jpg,304
000207_class008.jpg,344
000208_class108.jpg,189
000209_class133.jpg,133
000210_class338.jpg,124
000211_class012.jpg,207
000212_class236.jpg,321
000213_class045.jpg,171
000214_class314.jpg,7
000215_class287.jpg,381
000216_class163.jpg,279
000217_class129.jpg,129
000218_class118.jpg,192
000219_class021.jpg,271
000220_class070.jpg,354
000221_class057.jpg,161
000222_class146.jpg,148
000223_class366.jpg,366
000224_class121.jpg,240
000225_class390.jpg,197
000226_class322.jpg,380
000227_class222.jpg,308
000228_class312.jpg,36
000229_class351.jpg,77
000230_class268.jpg,194
000231_class137.jpg,275
000232_class066.jpg,173
000233_class337.jpg,226
000234_class189.jpg,235
000235_class386.jpg,37
000236_class127.jpg,344
000237_class273.jpg,124
000238_class104.jpg,145
000239_class010.jpg,377
000240_class250.jpg,380
000241_class043.jpg,265
000242_class003.jpg,138
000243_class103.jpg,124
000244_class186.jpg,100
000245_class270.jpg,154
000246_class348.jpg,304
000247_class289.jpg,5
000248_class197.jpg,189
000249_class252.jpg,257
000250_class295.jpg,148
000251_class132.jpg,282
000252_class140.jpg,97
000253_class383.jpg,384
000254_class156.jpg,384
000255_class320.jpg,143
000256_class269.jpg,269
000257_class067.jpg,300
000258_class167.jpg,227
000259_class132.jpg,45
000260_class002.jpg,250
000261_class368.jpg,389
000262_class055.jpg,145
000263_class208.jpg,345
000264_class111.jpg,376
000265_class242.jpg,257
000266_class248.jpg,187
000267_class009.jpg,91
000268_class137.jpg,249
000269_class352.jpg,54
000270_class310.jpg,389
000271_class392.jpg,194
000272_class216.jpg,156
000273_class179.jpg,205
000274_class356.jpg,356
000275_class234.jpg,44
000276_class267.jpg,313
000277_class182.jpg,154
000278_class105.jpg,47
000279_class270.jpg,376
000280_class077.jpg,370
000281_class055.jpg,257
000282_class271.jpg,74
000283_class200.jpg,325
000284_class381.jpg,304
000285_class383.jpg,385
000286_class313.jpg,243
000287_class114.jpg,370
000288_class084.jpg,34
000289_class256.jpg,344
000290_class299.jpg,357
000291_class363.jpg,174
000292_class309.jpg,14
000293_class346.jpg,45
000294_class083.jpg,273
000295_class134.jpg,134
000296_class235.jpg,265
000297_class387.jpg,21
000298_class056.jpg,110
000299_class096.jpg,218
000300_class216.jpg,232
000301_class065.jpg,386
000302_class393.jpg,338
000303_class003.jpg,207
000304_class239.jpg,362
000305_class159.jpg,389
000306_class331.jpg,331
000307_class280.jpg,380
000308_class118.jpg,384
000309_class074.jpg,370
000310_class077.jpg,368
000311_class369.jpg,298
000312_class376.jpg,376
000313_class042.jpg,279
000314_class154.jpg,138
000315_class223.jpg,217
000316_class072.jpg,148
000317_class130.jpg,380
000318_class028.jpg,330
000319_class157.jpg,44
000320_class282.jpg,122
000321_class170.jpg,176
000322_class079.jpg,369
000323_class161.jpg,340
000324_class146.jpg,249
000325_class345.jpg,5
000326_class288.jpg,380
000327_class130.jpg,380
000328_class232.jpg,193
000329_class002.jpg,128
000330_class065.jpg,235
000331_class225.jpg,110
000332_class266.jpg,298
000333_class032.jpg,384
000334_class182.jpg,273
000335_class268.jpg,231
000336_class197.jpg,376
000337_class096.jpg,249
000338_class380.jpg,269
000339_class131.jpg,361
000340_class139.jpg,278
000341_class339.jpg,173
000342_class213.jpg,315
000343_class206.jpg,380
000344_class104.jpg,380
000345_class127.jpg,370
000346_class031.jpg,31
000347_class088.jpg,370
000348_class348.jpg,14
000349_class237.jpg,36
000350_class233.jpg,234
000351_class302.jpg,299
000352_class182.jpg,331
000353_class322.jpg,299
000354_class262.jpg,346
000355_class028.jpg,300
000356_class130.jpg,131
000357_class004.jpg,189
000358_class168.jpg,386
000359_class019.jpg,235
000360_class203.jpg,172
000361_class357.jpg,299
000362_class082.jpg,383
000363_class042.jpg,42
000364_class167.jpg,237
000365_class065.jpg,121
000366_class114.jpg,370
000367_class290.jpg,106
000368_class013.jpg,177
000369_class006.jpg,263
000370_class165.jpg,171
000371_class196.jpg,376
000372_class069.jpg,63
000373_class035.jpg,118
000374_class131.jpg,21
000375_class166.jpg,280
000376_class076.jpg,30
000377_class153.jpg,323
000378_class344.jpg,344
000379_class334.jpg,153
000380_class076.jpg,173
000381_class181.jpg,181
000382_class383.jpg,383
000383_class158.jpg,148
000384_class066.jpg,83
000385_class158.jpg,353
000386_class063.jpg,258
000387_class056.jpg,275
000388_class006.jpg,257
000389_class327.jpg,30
000390_class033.jpg,273
000391_class306.jpg,138
000392_class246.jpg,109
000393_class303.jpg,69
000394_class387.jpg,384
000395_class125.jpg,367
000396_class081.jpg,5
000397_class179.jpg,184
000398_class154.jpg,193
000399_class004.jpg,4
000400_class391.jpg,257
000401_class310.jpg,14
000402_class015.jpg,15
000403_class113.jpg,288
000404_class070.jpg,237
000405_class187.jpg,361
000406_class348.jpg,348
000407_class197.jpg,200
000408_class197.jpg,389
000409_class325.jpg,325
000410_class069.jpg,69
000411_class167.jpg,15
000412_class065.jpg,356
000413_class182.jpg,361
000414_class372.jpg,5
000415_class188.jpg,16
000416_class182.jpg,182
000417_class283.jpg,279
000418_class022.jpg,16
000419_class202.jpg,315
000420_class196.jpg,325
000421_class248.jpg,263
000422_class149.jpg,274
000423_class275.jpg,68
000424_class284.jpg,279
000425_class327.jpg,124
000426_class346.jpg,147
000427_class239.jpg,356
000428_class177.jpg,177
000429_class259.jpg,97
000430_class219.jpg,21
000431_class139.jpg,139
000432_class231.jpg,20
000433_class266.jpg,171
000434_class080.jpg,243
000435_class003.jpg,75
000436_class134.jpg,134
000437_class100.jpg,315
000438_class347.jpg,0
000439_class008.jpg,191
000440_class256.jpg,253
000441_class392.jpg,22
000442_class111.jpg,389
000443_class289.jpg,5
000444_class322.jpg,74
000445_class062.jpg,207
000446_class366.jpg,30
000447_class360.jpg,356
000448_class043.jpg,299
000449_class094.jpg,380
000450_class028.jpg,298
000451_class046.jpg,46
000452_class211.jpg,207
000453_class311.jpg,294
000454_class216.jpg,299
000455_class123.jpg,244
000456_class103.jpg,77
000457_class338.jpg,145
000458_class301.jpg,380
000459_class005.jpg,145
000460_class263.jpg,257
000461_class082.jpg,394
000462_class230.jpg,116
000463_class134.jpg,134
000464_class227.jpg,188
000465_class391.jpg,31
000466_class024.jpg,323
000467_class281.jpg,335
000468_class316.jpg,143
000469_class343.jpg,153
000470_class048.jpg,380
000471_class124.jpg,173
000472_class111.jpg,389
000473_class276.jpg,44
000474_class265.jpg,364
000475_class143.jpg,143
000476_class195.jpg,188
000477_class083.jpg,33
000478_class390.jpg,189
000479_class365.jpg,384
000480_class247.jpg,166
000481_class062.jpg,62
000482_class000.jpg,356
000483_class030.jpg,255
000484_class069.jpg,77
000485_class358.jpg,344
000486_class307.jpg,44
000487_class220.jpg,380
000488_class056.jpg,298
000489_class065.jpg,31
000490_class291.jpg,265
000491_class352.jpg,352
000492_class124.jpg,271
000493_class073.jpg,237
000494_class179.jpg,31
000495_class333.jpg,198
000496_class344.jpg,60
000497_class349.jpg,356
000498_class297.jpg,297
000499_class376.jpg,235
000500_class228.jpg,241
000501_class380.jpg,105
000502_class286.jpg,298
000503_class019.jpg,270
000504_class271.jpg,232
000505_class071.jpg,221
000506_class171.jpg,157
000507_class078.jpg,79
000508_class367.jpg,232
000509_class174.jpg,299
000510_class044.jpg,173
000511_class087.jpg,257
000512_class028.jpg,380
000513_class090.jpg,26
000514_class316.jpg,324
000515_class208.jpg,41
000516_class020.jpg,191
000517_class035.jpg,276
000518_class369.jpg,21
000519_class260.jpg,322
000520_class146.jpg,146
000521_class010.jpg,5
000522_class144.jpg,171
000523_class219.jpg,97
000524_class372.jpg,372
000525_class098.jpg,157
000526_class231.jpg,361
000527_class286.jpg,122
000528_class316.jpg,265
000529_class062.jpg,145
000530_class044.jpg,44
000531_class387.jpg,235
000532_class245.jpg,323
000533_class306.jpg,45
000534_class053.jpg,78
000535_class027.jpg,68
000536_class212.jpg,273
000537_class181.jpg,390
000538_class359.jpg,319
000539_class105.jpg,78
000540_class274.jpg,298
000541_class260.jpg,43
000542_class167.jpg,367
000543_class082.jpg,263
000544_class211.jpg,320
000545_class068.jpg,247
000546_class133.jpg,249
000547_class100.jpg,320
000548_class287.jpg,358
000549_class072.jpg,156
000550_class180.jpg,356
000551_class117.jpg,240
000552_class324.jpg,138
000553_class262.jpg,295
000554_class241.jpg,371
000555_class299.jpg,147
000556_class007.jpg,354
000557_class213.jpg,298
000558_class387.jpg,4
000559_class261.jpg,206
000560_class303.jpg,265
000561_class225.jpg,237
000562_class117.jpg,148
000563_class196.jpg,389
000564_class336.jpg,8
000565_class214.jpg,367
000566_class032.jpg,161
000567_class292.jpg,356
000568_class158.jpg,300
000569_class171.jpg,173
000570_class263.jpg,184
000571_class088.jpg,77
000572_class108.jpg,74
000573_class266.jpg,377
000574_class337.jpg,21
000575_class341.jpg,26
000576_class006.jpg,323
000577_class296.jpg,161
000578_class344.jpg,187
000579_class391.jpg,382
000580_class109.jpg,16
000581_class309.jpg,14
000582_class270.jpg,174
000583_class040.jpg,37
000584_class309.jpg,224
000585_class369.jpg,21
000586_class101.jpg,101
000587_class168.jpg,87
000588_class289.jpg,300
000589_class076.jpg,171
000590_class096.jpg,298
000591_class039.jpg,118
000592_class025.jpg,141
000593_class125.jpg,288
000594_class066.jpg,173
000595_class114.jpg,364
000596_class059.jpg,11
000597_class049.jpg,78
000598_class280.jpg,298
000599_class227.jpg,176
000600_class317.jpg,124
000601_class080.jpg,338
000602_class144.jpg,350
000603_class204.jpg,377
000604_class030.jpg,30
000605_class226.jpg,289
000606_class014.jpg,285
000607_class049.jpg,143
000608_class354.jpg,9
000609_class109.jpg,96
000610_class003.jpg,238
000611_class217.jpg,358
000612_class172.jpg,44
000613_class131.jpg,362
000614_class349.jpg,291
000615_class102.jpg,254
000616_class102.jpg,46
000617_class299.jpg,295
000618_class009.jpg,354
000619_class187.jpg,380
000620_class363.jpg,103
000621_class305.jpg,31
000622_class223.jpg,361
000623_class366.jpg,377
000624_class341.jpg,31
000625_class192.jpg,380
000626_class139.jpg,369
000627_class243.jpg,344
000628_class219.jpg,148
000629_class088.jpg,290
000630_class286.jpg,286
000631_class106.jpg,177
000632_class393.jpg,138
000633_class213.jpg,188
000634_class144.jpg,290
000635_class221.jpg,247
000636_class198.jpg,324
000637_class340.jpg,295
000638_class064.jpg,31
000639_class264.jpg,264
000640_class281.jpg,85
000641_class342.jpg,139
000642_class391.jpg,358
000643_class070.jpg,211
000644_class227.jpg,150
000645_class220.jpg,205
000646_class086.jpg,138
000647_class111.jpg,215
000648_class367.jpg,206
000649_class296.jpg,161
000650_class215.jpg,240
000651_class201.jpg,324
000652_class335.jpg,335
000653_class265.jpg,40
000654_class267.jpg,326
000655_class084.jpg,173
000656_class283.jpg,330
000657_class019.jpg,184
000658_class293.jpg,184
000659_class081.jpg,34
000660_class129.jpg,361
000661_class047.jpg,177
000662_class387.jpg,377
000663_class182.jpg,386
000664_class251.jpg,47
000665_class166.jpg,171
000666_class330.jpg,211
000667_class327.jpg,18
000668_class303.jpg,308
000669_class001.jpg,277
000670_class154.jpg,174
000671_class339.jpg,5
000672_class357.jpg,279
000673_class334.jpg,273
000674_class371.jpg,84
000675_class163.jpg,163
000676_class293.jpg,139
000677_class059.jpg,59
000678_class127.jpg,160
000679_class322.jpg,356
000680_class311.jpg,16
000681_class095.jpg,110
000682_class209.jpg,15
000683_class233.jpg,148
000684_class108.jpg,42
000685_class276.jpg,204
000686_class083.jpg,384
000687_class108.jpg,168
000688_class375.jpg,356
000689_class023.jpg,80
000690_class211.jpg,36
000691_class009.jpg,84
000692_class393.jpg,22
000693_class065.jpg,12
000694_class013.jpg,124
000695_class196.jpg,69
000696_class335.jpg,333
000697_class006.jpg,141
000698_class009.jpg,153
000699_class312.jpg,320
000700_class073.jpg,0
000701_class262.jpg,347
000702_class078.jpg,21
000703_class119.jpg,368
000704_class379.jpg,324
000705_class240.jpg,257
000706_class087.jpg,356
000707_class008.jpg,258
000708_class091.jpg,361
000709_class063.jpg,184
000710_class036.jpg,320
000711_class384.jpg,384
000712_class084.jpg,62
000713_class052.jpg,161
000714_class087.jpg,349
000715_class145.jpg,34
000716_class194.jpg,5
000717_class260.jpg,265
000718_class047.jpg,228
000719_class101.jpg,15
000720_class024.jpg,189
000721_class275.jpg,97
000722_class134.jpg,134
000723_class052.jpg,74
000724_class048.jpg,371
000725_class250.jpg,346
000726_class133.jpg,380
000727_class100.jpg,15
000728_class188.jpg,97
000729_class067.jpg,298
000730_class270.jpg,235
000731_class183.jpg,77
000732_class261.jpg,175
000733_class123.jpg,383
000734_class373.jpg,37
000735_class329.jpg,329
000736_class035.jpg,279
000737_class084.jpg,36
000738_class237.jpg,330
000739_class237.jpg,253
000740_class175.jpg,21
000741_class233.jpg,44
000742_class352.jpg,14
000743_class049.jpg,290
000744_class340.jpg,386
000745_class028.jpg,188
000746_class294.jpg,74
000747_class159.jpg,161
000748_class149.jpg,37
000749_class069.jpg,257
000750_class037.jpg,139
000751_class385.jpg,338
000752_class289.jpg,145
000753_class376.jpg,37
000754_class135.jpg,14
000755_class281.jpg,299
000756_class241.jpg,177
000757_class083.jpg,77
000758_class189.jpg,147
000759_class148.jpg,97
000760_class212.jpg,51
000761_class028.jpg,388
000762_class349.jpg,335
000763_class351.jpg,143
000764_class135.jpg,60
000765_class248.jpg,171
000766_class260.jpg,74
000767_class160.jpg,44
000768_class033.jpg,145
000769_class359.jpg,124
000770_class390.jpg,390
000771_class129.jpg,274
000772_class096.jpg,227
000773_class120.jpg,160
000774_class322.jpg,382
000775_class321.jpg,205
000776_class279.jpg,129
000777_class116.jpg,286
000778_class039.jpg,358
000779_class071.jpg,230
000780_class027.jpg,362
000781_class057.jpg,370
000782_class128.jpg,148
000783_class112.jpg,229
000784_class119.jpg,307
000785_class291.jpg,43
000786_class210.jpg,307
000787_class197.jpg,77
000788_class387.jpg,235
000789_class283.jpg,200
000790_class388.jpg,371
000791_class052.jpg,295
000792_class003.jpg,207
000793_class009.jpg,354
000794_class019.jpg,37
000795_class107.jpg,315
000796_class266.jpg,31
000797_class048.jpg,232
000798_class326.jpg,116
000799_class088.jpg,265
000800_class159.jpg,265
000801_class315.jpg,206
000802_class003.jpg,74
000803_class354.jpg,228
000804_class047.jpg,380
000805_class387.jpg,189
000806_class098.jpg,240
000807_class292.jpg,321
000808_class297.jpg,38
000809_class017.jpg,238
000810_class217.jpg,204
000811_class389.jpg,389
000812_class388.jpg,38
000813_class162.jpg,377
000814_class063.jpg,22
000815_class144.jpg,84
000816_class293.jpg,54
000817_class060.jpg,273
000818_class189.jpg,189
000819_class117.jpg,193
000820_class203.jpg,129
000821_class036.jpg,320
000822_class134.jpg,44
000823_class334.jpg,145
000824_class081.jpg,289
000825_class240.jpg,273
000826_class077.jpg,377
000827_class040.jpg,63
000828_class116.jpg,298
000829_class366.jpg,366
000830_class264.jpg,264
000831_class193.jpg,380
000832_class270.jpg,386
000833_class137.jpg,50
000834_class049.jpg,329
000835_class057.jpg,161
000836_class315.jpg,51
000837_class190.jpg,380
000838_class013.jpg,338
000839_class061.jpg,150
000840_class375.jpg,77
000841_class235.jpg,303
000842_class349.jpg,321
000843_class055.jpg,148
000844_class065.jpg,67
000845_class098.jpg,361
000846_class287.jpg,380
000847_class367.jpg,388
000848_class190.jpg,229
000849_class137.jpg,206
000850_class301.jpg,234
000851_class350.jpg,310
000852_class360.jpg,279
000853_class213.jpg,110
000854_class017.jpg,97
000855_class123.jpg,52
000856_class153.jpg,258
000857_class143.jpg,298
000858_class031.jpg,30
000859_class279.jpg,175
000860_class065.jpg,235
000861_class206.jpg,38
000862_class044.jpg,148
000863_class045.jpg,277
000864_class165.jpg,171
000865_class252.jpg,350
000866_class080.jpg,171
000867_class269.jpg,251
000868_class210.jpg,320
000869_class204.jpg,204
000870_class394.jpg,171
000871_class258.jpg,258
000872_class255.jpg,227
000873_class122.jpg,367
000874_class129.jpg,150
000875_class166.jpg,91
000876_class288.jpg,283
000877_class081.jpg,352
000878_class171.jpg,338
000879_class311.jpg,91
000880_class071.jpg,18
000881_class323.jpg,321
000882_class333.jpg,348
000883_class389.jpg,389
000884_class292.jpg,63
000885_class278.jpg,279
000886_class360.jpg,37
000887_class048.jpg,380
000888_class094.jpg,336
000889_class354.jpg,277
000890_class386.jpg,279
000891_class227.jpg,16
000892_class061.jpg,31
000893_class003.jpg,330
000894_class089.jpg,5
000895_class186.jpg,130
000896_class291.jpg,11
000897_class074.jpg,377
000898_class386.jpg,386
000899_class319.jpg,150
000900_class011.jpg,313
000901_class303.jpg,161
000902_class071.jpg,148
000903_class355.jpg,263
000904_class142.jpg,143
000905_class319.jpg,117
000906_class311.jpg,279
000907_class226.jpg,109
000908_class393.jpg,118
000909_class204.jpg,184
000910_class180.jpg,150
000911_class318.jpg,356
000912_class333.jpg,94
000913_class046.jpg,332
000914_class080.jpg,247
000915_class017.jpg,97
000916_class362.jpg,226
000917_class211.jpg,92
000918_class277.jpg,171
000919_class111.jpg,389
000920_class050.jpg,300
000921_class205.jpg,138
000922_class137.jpg,60
000923_class351.jpg,110
000924_class097.jpg,323
000925_class007.jpg,5
000926_class275.jpg,68
000927_class223.jpg,362
000928_class310.jpg,254
000929_class140.jpg,173
000930_class059.jpg,101
000931_class304.jpg,31
000932_class215.jpg,364
000933_class337.jpg,14
000934_class084.jpg,94
000935_class359.jpg,171
000936_class196.jpg,14
000937_class292.jpg,236
000938_class214.jpg,213
000939_class026.jpg,31
000940_class198.jpg,198
000941_class194.jpg,307
000942_class064.jpg,243
000943_class018.jpg,148
000944_class276.jpg,148
000945_class379.jpg,216
000946_class042.jpg,265
000947_class280.jpg,372
000948_class315.jpg,22
000949_class396.jpg,298
000950_class300.jpg,171
000951_class079.jpg,249
000952_class238.jpg,298
000953_class160.jpg,265
000954_class187.jpg,346
000955_class264.jpg,273
000956_class086.jpg,300
000957_class367.jpg,41
000958_class225.jpg,250
000959_class243.jpg,215
000960_class395.jpg,380
000961_class099.jpg,269
000962_class068.jpg,124
000963_class266.jpg,31
000964_class209.jpg,324
000965_class163.jpg,271
000966_class047.jpg,166
000967_class210.jpg,371
000968_class104.jpg,345
000969_class155.jpg,143
000970_class000.jpg,194
000971_class091.jpg,357
000972_class072.jpg,139
000973_class230.jpg,171
000974_class108.jpg,308
000975_class183.jpg,361
000976_class202.jpg,257
000977_class291.jpg,342
000978_class184.jpg,169
000979_class029.jpg,148
000980_class184.jpg,356
000981_class030.jpg,171
000982_class254.jpg,200
000983_class100.jpg,344
000984_class011.jpg,377
000985_class356.jpg,189
000986_class095.jpg,253
000987_class388.jpg,263
000988_class365.jpg,77
000989_class198.jpg,198
000990_class241.jpg,99
000991_class295.jpg,189
000992_class238.jpg,315
000993_class185.jpg,377
000994_class215.jpg,59
000995_class179.jpg,21
000996_class165.jpg,298
000997_class293.jpg,138
000998_class208.jpg,298
000999_class278.jpg,241
001000_class125.jpg,367
001001_class365.jpg,23
001002_class111.jpg,157
001003_class020.jpg,273
001004_class273.jpg,273
001005_class098.jpg,366
001006_class018.jpg,234
001007_class321.jpg,198
001008_class083.jpg,74
001009_class063.jpg,241
001010_class157.jpg,361
001011_class260.jpg,161
001012_class123.jpg,298
001013_class122.jpg,298
001014_class284.jpg,235
001015_class127.jpg,308
001016_class351.jpg,288
001017_class257.jpg,106
001018_class213.jpg,247
001019_class261.jpg,237
001020_class058.jpg,207
001021_class196.jpg,310
001022_class317.jpg,145
001023_class019.jpg,37
001024_class342.jpg,356
001025_class049.jpg,26
001026_class168.jpg,168
001027_class214.jpg,380
001028_class280.jpg,116
001029_class347.jpg,187
001030_class227.jpg,129
001031_class070.jpg,154
001032_class217.jpg,389
001033_class191.jpg,221
001034_class032.jpg,308
001035_class089.jpg,97
001036_class142.jpg,315
001037_class112.jpg,139
001038_class255.jpg,236
001039_class312.jpg,22
001040_class311.jpg,289
001041_class321.jpg,324
001042_class241.jpg,58
001043_class023.jpg,18
001044_class348.jpg,304
001045_class081.jpg,26
001046_class067.jpg,249
001047_class226.jpg,5
001048_class151.jpg,356
001049_class382.jpg,191
001050_class377.jpg,200
001051_class201.jpg,324
001052_class055.jpg,148
001053_class143.jpg,320
001054_class299.jpg,323
001055_class099.jpg,84
001056_class363.jpg,370
001057_class025.jpg,304
001058_class187.jpg,110
001059_class204.jpg,138
001060_class247.jpg,80
001061_class073.jpg,299
001062_class020.jpg,250
001063_class389.jpg,257
001064_class204.jpg,69
001065_class230.jpg,297
001066_class219.jpg,280
001067_class086.jpg,77
001068_class326.jpg,95
001069_class247.jpg,352
001070_class236.jpg,369
001071_class248.jpg,45
001072_class098.jpg,189
001073_class319.jpg,103
001074_class303.jpg,386
001075_class130.jpg,207
001076_class032.jpg,161
001077_class108.jpg,7
001078_class172.jpg,59
001079_class196.jpg,12
001080_class178.jpg,21
001081_class285.jpg,138
001082_class062.jpg,384
001083_class178.jpg,31
001084_class091.jpg,388
001085_class277.jpg,298
001086_class081.jpg,68
001087_class037.jpg,356
001088_class149.jpg,139
001089_class042.jpg,42
001090_class201.jpg,383
001091_class039.jpg,257
001092_class273.jpg,145
001093_class290.jpg,364
001094_class089.jpg,367
001095_class054.jpg,82
001096_class186.jpg,298
001097_class072.jpg,44
001098_class010.jpg,54
001099_class041.jpg,320
001100_class252.jpg,344
001101_class377.jpg,377
001102_class178.jpg,31
001103_class231.jpg,37
001104_class101.jpg,150
001105_class385.jpg,273
001106_class092.jpg,138
001107_class292.jpg,112
001108_class226.jpg,369
001109_class280.jpg,60
001110_class345.jpg,26
001111_class153.jpg,109
001112_class109.jpg,106
001113_class146.jpg,361
001114_class072.jpg,80
001115_class070.jpg,271
001116_class288.jpg,320
001117_class383.jpg,384
001118_class028.jpg,124
001119_class364.jpg,145
001120_class315.jpg,297
001121_class071.jpg,145
001122_class352.jpg,124
001123_class272.jpg,164
001124_class192.jpg,36
001125_class251.jpg,367
001126_class231.jpg,231
001127_class032.jpg,161
001128_class074.jpg,229
001129_class241.jpg,7
001130_class085.jpg,0
001131_class129.jpg,279
001132_class359.jpg,171
001133_class175.jpg,389
001134_class071.jpg,298
001135_class142.jpg,138
001136_class292.jpg,376
001137_class099.jpg,265
001138_class165.jpg,271
001139_class219.jpg,220
001140_class049.jpg,367
001141_class085.jpg,257
001142_class191.jpg,191
001143_class076.jpg,76
001144_class395.jpg,364
001145_class354.jpg,228
001146_class239.jpg,184
001147_class325.jpg,254
001148_class351.jpg,362
001149_class332.jpg,310
001150_class093.jpg,97
001151_class022.jpg,362
001152_class292.jpg,391
001153_class118.jpg,124
001154_class059.jpg,59
001155_class095.jpg,242
001156_class305.jpg,174
001157_class177.jpg,257
001158_class352.jpg,352
001159_class060.jpg,60
001160_class099.jpg,91
001161_class231.jpg,160
001162_class218.jpg,147
001163_class056.jpg,362
001164_class263.jpg,370
001165_class235.jpg,235
001166_class115.jpg,115
001167_class387.jpg,189
001168_class015.jpg,97
001169_class308.jpg,257
001170_class258.jpg,258
001171_class392.jpg,384
001172_class368.jpg,377
001173_class048.jpg,297
001174_class059.jpg,15
001175_class045.jpg,124
001176_class272.jpg,356
001177_class152.jpg,389
001178_class387.jpg,386
001179_class189.jpg,10
001180_class077.jpg,0
001181_class157.jpg,157
001182_class228.jpg,362
001183_class164.jpg,156
001184_class220.jpg,380
001185_class032.jpg,161
001186_class121.jpg,59
001187_class156.jpg,156
001188_class056.jpg,109
001189_class071.jpg,97
001190_class276.jpg,370
001191_class201.jpg,298
001192_class029.jpg,145
001193_class393.jpg,5
001194_class181.jpg,189
001195_class009.jpg,148
001196_class121.jpg,342
001197_class372.jpg,1
001198_class090.jpg,271
001199_class344.jpg,257
001200_class277.jpg,345
001201_class197.jpg,189
001202_class271.jpg,29
001203_class013.jpg,207
001204_class316.jpg,110
001205_class272.jpg,154
001206_class213.jpg,145
001207_class253.jpg,91
001208_class038.jpg,290
001209_class164.jpg,324
001210_class225.jpg,22
001211_class385.jpg,77
001212_class302.jpg,279
001213_class381.jpg,199
001214_class120.jpg,120
001215_class136.jpg,110
001216_class293.jpg,293
001217_class318.jpg,172
001218_class319.jpg,103
001219_class276.jpg,271
001220_class395.jpg,383
001221_class340.jpg,370
001222_class221.jpg,171
001223_class276.jpg,273
001224_class163.jpg,356
001225_class227.jpg,298
001226_class053.jpg,320
001227_class206.jpg,367
001228_class343.jpg,271
001229_class352.jpg,134
001230_class186.jpg,171
001231_class396.jpg,79
001232_class333.jpg,352
001233_class325.jpg,389
001234_class314.jpg,20
001235_class172.jpg,129
001236_class259.jpg,21
001237_class215.jpg,138
001238_class178.jpg,335
001239_class069.jpg,69
001240_class105.jpg,122
001241_class007.jpg,312
001242_class335.jpg,339
001243_class039.jpg,263
001244_class246.jpg,49
001245_class297.jpg,297
001246_class351.jpg,124
001247_class306.jpg,308
001248_class306.jpg,11
001249_class393.jpg,44
001250_class000.jpg,344
001251_class184.jpg,224
001252_class119.jpg,174
001253_class290.jpg,173
001254_class015.jpg,207
001255_class214.jpg,367
001256_class264.jpg,171
001257_class314.jpg,288
001258_class151.jpg,376
001259_class030.jpg,21
001260_class224.jpg,224
001261_class305.jpg,174
001262_class358.jpg,257
001263_class259.jpg,259
001264_class324.jpg,324
001265_class062.jpg,62
001266_class095.jpg,257
001267_class015.jpg,298
001268_class317.jpg,173
001269_class262.jpg,368
001270_class137.jpg,34
001271_class078.jpg,369
001272_class165.jpg,269
001273_class044.jpg,44
001274_class260.jpg,161
001275_class245.jpg,366
001276_class122.jpg,113
001277_class165.jpg,165
001278_class197.jpg,377
001279_class061.jpg,249
001280_class038.jpg,330
001281_class116.jpg,298
001282_class238.jpg,51
001283_class162.jpg,384
001284_class172.jpg,169
001285_class128.jpg,109
001286_class155.jpg,249
001287_class381.jpg,171
001288_class089.jpg,41
001289_class106.jpg,166
001290_class075.jpg,335
001291_class331.jpg,352
001292_class239.jpg,207
001293_class200.jpg,377
001294_class093.jpg,298
001295_class244.jpg,389
001296_class049.jpg,21
001297_class190.jpg,150
001298_class008.jpg,191
001299_class157.jpg,370
001300_class244.jpg,156
001301_class311.jpg,74
001302_class339.jpg,271
001303_class027.jpg,80
001304_class035.jpg,278
001305_class355.jpg,345
001306_class342.jpg,348
001307_class081.jpg,173
001308_class178.jpg,249
001309_class028.jpg,206
001310_class054.jpg,361
001311_class090.jpg,212
001312_class086.jpg,148
001313_class089.jpg,79
001314_class378.jpg,116
001315_class379.jpg,174
001316_class192.jpg,298
001317_class361.jpg,75
001318_class379.jpg,350
001319_class058.jpg,208
001320_class320.jpg,320
001321_class082.jpg,12
001322_class344.jpg,153
001323_class233.jpg,45
001324_class278.jpg,250
001325_class264.jpg,124
001326_class270.jpg,310
001327_class282.jpg,257
001328_class179.jpg,278
001329_class052.jpg,384
001330_class296.jpg,161
001331_class133.jpg,286
001332_class324.jpg,324
001333_class201.jpg,250
001334_class210.jpg,79
001335_class316.jpg,316
001336_class343.jpg,353
001337_class234.jpg,129
001338_class262.jpg,347
001339_class156.jpg,271
001340_class216.jpg,174
001341_class217.jpg,294
001342_class375.jpg,271
001343_class323.jpg,323
001344_class010.jpg,134
001345_class039.jpg,299
001346_class195.jpg,221
001347_class012.jpg,361
001348_class139.jpg,138
001349_class250.jpg,216
001350_class012.jpg,115
001351_class264.jpg,15
001352_class223.jpg,14
001353_class191.jpg,191
001354_class291.jpg,279
001355_class117.jpg,313
001356_class210.jpg,298
001357_class375.jpg,375
001358_class102.jpg,77
001359_class365.jpg,54
001360_class115.jpg,75
001361_class387.jpg,325
001362_class132.jpg,150
001363_class095.jpg,361
001364_class006.jpg,148
001365_class109.jpg,51
001366_class129.jpg,154
001367_class061.jpg,394
001368_class352.jpg,285
001369_class275.jpg,227
001370_class162.jpg,43
001371_class379.jpg,37
001372_class208.jpg,148
001373_class155.jpg,269
001374_class269.jpg,75
001375_class207.jpg,298
001376_class047.jpg,247
001377_class289.jpg,286
001378_class035.jpg,278
001379_class078.jpg,122
001380_class038.jpg,298
001381_class210.jpg,143
001382_class269.jpg,84
001383_class334.jpg,21
001384_class298.jpg,227
001385_class200.jpg,350
001386_class293.jpg,182
001387_class041.jpg,21
001388_class109.jpg,77
001389_class313.jpg,92
001390_class213.jpg,380
001391_class159.jpg,157
001392_class324.jpg,324
001393_class346.jpg,352
001394_class282.jpg,110
001395_class136.jpg,70
001396_class156.jpg,77
001397_class334.jpg,188
001398_class167.jpg,330
001399_class248.jpg,247
001400_class155.jpg,367
001401_class355.jpg,193
001402_class139.jpg,235
001403_class180.jpg,229
001404_class000.jpg,256
001405_class127.jpg,308
001406_class064.jpg,333
001407_class140.jpg,330
001408_class181.jpg,235
001409_class317.jpg,44
001410_class104.jpg,97
001411_class072.jpg,20
001412_class107.jpg,369
001413_class262.jpg,249
001414_class306.jpg,103
001415_class349.jpg,231
001416_class328.jpg,324
001417_class107.jpg,380
001418_class379.jpg,335
001419_class269.jpg,313
001420_class322.jpg,356
001421_class061.jpg,362
001422_class318.jpg,388
001423_class324.jpg,12
001424_class003.jpg,345
001425_class097.jpg,238
001426_class314.jpg,77
001427_class216.jpg,361
001428_class183.jpg,370
001429_class373.jpg,270
001430_class067.jpg,51
001431_class385.jpg,176
001432_class095.jpg,191
001433_class115.jpg,326
001434_class218.jpg,77
001435_class160.jpg,161
001436_class329.jpg,329
001437_class370.jpg,370
001438_class252.jpg,209
001439_class135.jpg,63
001440_class115.jpg,11
001441_class396.jpg,166
001442_class350.jpg,138
001443_class224.jpg,232
001444_class104.jpg,150
001445_class341.jpg,345
001446_class392.jpg,307
001447_class021.jpg,330
001448_class327.jpg,75
001449_class259.jpg,50
001450_class350.jpg,263
001451_class080.jpg,156
001452_class150.jpg,173
001453_class381.jpg,371
001454_class181.jpg,235
001455_class011.jpg,263
001456_class388.jpg,206
001457_class225.jpg,258
001458_class281.jpg,263
001459_class041.jpg,21
001460_class184.jpg,37
001461_class140.jpg,91
001462_class311.jpg,200
001463_class071.jpg,106
001464_class093.jpg,106
001465_class006.jpg,80
001466_class343.jpg,34
001467_class126.jpg,77
001468_class031.jpg,236
001469_class284.jpg,284
001470_class227.jpg,207
001471_class374.jpg,145
001472_class374.jpg,171
001473_class337.jpg,368
001474_class172.jpg,249
001475_class107.jpg,259
001476_class113.jpg,315
001477_class253.jpg,74
001478_class394.jpg,44
001479_class098.jpg,168
001480_class113.jpg,330
001481_class101.jpg,369
001482_class081.jpg,56
001483_class106.jpg,380
001484_class141.jpg,370
001485_class343.jpg,330
001486_class159.jpg,160
001487_class169.jpg,356
001488_class108.jpg,257
001489_class222.jpg,193
001490_class132.jpg,315
001491_class048.jpg,188
001492_class207.jpg,288
001493_class087.jpg,272
001494_class070.jpg,54
001495_class074.jpg,74
001496_class010.jpg,10
001497_class152.jpg,235
001498_class393.jpg,318
001499_class285.jpg,356
001500_class067.jpg,75
001501_class001.jpg,298
001502_class378.jpg,164
001503_class286.jpg,298
001504_class053.jpg,25
001505_class359.jpg,148
001506_class071.jpg,148
001507_class318.jpg,193
001508_class351.jpg,298
001509_class212.jpg,97
001510_class393.jpg,273
001511_class262.jpg,346
001512_class259.jpg,148
001513_class147.jpg,45
001514_class387.jpg,325
001515_class343.jpg,330
001516_class256.jpg,263
001517_class383.jpg,383
001518_class096.jpg,31
001519_class009.jpg,273
001520_class029.jpg,320
001521_class274.jpg,274
001522_class339.jpg,249
001523_class166.jpg,320
001524_class101.jpg,101
001525_class050.jpg,150
001526_class259.jpg,206
001527_class209.jpg,323
001528_class249.jpg,362
001529_class061.jpg,75
001530_class173.jpg,273
001531_class047.jpg,97
001532_class099.jpg,31
001533_class396.jpg,235
001534_class190.jpg,188
001535_class095.jpg,257
001536_class080.jpg,45
001537_class255.jpg,298
001538_class013.jpg,273
001539_class070.jpg,172
001540_class341.jpg,228
001541_class305.jpg,370
001542_class037.jpg,37
001543_class156.jpg,75
001544_class107.jpg,380
001545_class373.jpg,368
001546_class315.jpg,290
001547_class020.jpg,280
001548_class258.jpg,258
001549_class207.jpg,207
001550_class053.jpg,22
001551_class211.jpg,138
001552_class035.jpg,138
001553_class055.jpg,273
001554_class256.jpg,206
001555_class255.jpg,206
001556_class159.jpg,161
001557_class164.jpg,362
001558_class201.jpg,288
001559_class082.jpg,170
001560_class216.jpg,377
001561_class127.jpg,63
001562_class099.jpg,161
001563_class384.jpg,161
001564_class050.jpg,97
001565_class026.jpg,177
001566_class378.jpg,330
001567_class133.jpg,271
001568_class303.jpg,386
001569_class053.jpg,171
001570_class317.jpg,97
001571_class033.jpg,91
001572_class231.jpg,279
001573_class002.jpg,352
001574_class128.jpg,103
001575_class389.jpg,77
001576_class392.jpg,290
001577_class213.jpg,15
001578_class115.jpg,129
001579_class037.jpg,174
001580_class307.jpg,362
001581_class309.jpg,85
001582_class153.jpg,290
001583_class337.jpg,337
001584_class035.jpg,118
001585_class007.jpg,77
001586_class056.jpg,345
001587_class285.jpg,298
001588_class149.jpg,138
001589_class261.jpg,138
001590_class158.jpg,356
001591_class394.jpg,124
001592_class215.jpg,389
001593_class355.jpg,279
001594_class159.jpg,389
001595_class332.jpg,332
001596_class309.jpg,14
001597_class310.jpg,310
001598_class358.jpg,44
001599_class239.jpg,295
001600_class094.jpg,124
001601_class141.jpg,173
001602_class312.jpg,91
001603_class049.jpg,38
001604_class184.jpg,184
001605_class140.jpg,34
001606_class393.jpg,273
001607_class302.jpg,173
001608_class261.jpg,92
001609_class243.jpg,243
001610_class366.jpg,44
001611_class055.jpg,145
001612_class090.jpg,97
001613_class232.jpg,232
001614_class059.jpg,315
001615_class328.jpg,324
001616_class087.jpg,145
001617_class225.jpg,257
001618_class341.jpg,41
001619_class041.jpg,312
001620_class019.jpg,37
001621_class140.jpg,338
001622_class108.jpg,257
001623_class123.jpg,79
001624_class337.jpg,337
001625_class268.jpg,228
001626_class309.jpg,254
001627_class363.jpg,295
001628_class291.jpg,112
001629_class196.jpg,386
001630_class116.jpg,298
001631_class018.jpg,5
001632_class331.jpg,332
001633_class224.jpg,224
001634_class135.jpg,384
001635_class118.jpg,92
001636_class276.jpg,174
001637_class281.jpg,141
001638_class102.jpg,394
001639_class388.jpg,21
001640_class017.jpg,153
001641_class274.jpg,274
001642_class165.jpg,298
001643_class309.jpg,356
001644_class147.jpg,294
001645_class085.jpg,357
001646_class327.jpg,43
001647_class366.jpg,206
001648_class393.jpg,124
001649_class149.jpg,149
001650_class260.jpg,265
001651_class046.jpg,324
001652_class389.jpg,174
001653_class142.jpg,320
001654_class165.jpg,50
001655_class340.jpg,157
001656_class104.jpg,247
001657_class222.jpg,257
001658_class067.jpg,298
001659_class362.jpg,362
001660_class136.jpg,330
001661_class023.jpg,18
001662_class121.jpg,291
001663_class209.jpg,257
001664_class301.jpg,50
001665_class126.jpg,126
001666_class140.jpg,145
001667_class042.jpg,324
001668_class360.jpg,42
001669_class027.jpg,364
001670_class192.jpg,192
001671_class008.jpg,191
001672_class026.jpg,361
001673_class152.jpg,389
001674_class277.jpg,229
001675_class246.jpg,22
001676_class262.jpg,258
001677_class349.jpg,258
001678_class193.jpg,5
001679_class017.jpg,5
001680_class362.jpg,362
001681_class172.jpg,172
001682_class115.jpg,361
001683_class229.jpg,295
001684_class379.jpg,138
001685_class053.jpg,380
001686_class274.jpg,290
001687_class346.jpg,330
001688_class189.jpg,189
001689_class059.jpg,324
001690_class294.jpg,148
001691_class336.jpg,158
001692_class066.jpg,312
001693_class006.jpg,384
001694_class311.jpg,279
001695_class061.jpg,298
001696_class132.jpg,148
001697_class182.jpg,356
001698_class282.jpg,36
001699_class113.jpg,320
001700_class229.jpg,229
001701_class240.jpg,228
001702_class360.jpg,291
001703_class236.jpg,257
001704_class280.jpg,110
001705_class070.jpg,384
001706_class302.jpg,45
001707_class347.jpg,346
001708_class110.jpg,267
001709_class228.jpg,60
001710_class246.jpg,310
001711_class069.jpg,377
001712_class384.jpg,145
001713_class353.jpg,283
001714_class291.jpg,230
001715_class053.jpg,224
001716_class051.jpg,62
001717_class229.jpg,147
001718_class306.jpg,361
001719_class122.jpg,17
001720_class162.jpg,383
001721_class261.jpg,330
001722_class196.jpg,321
001723_class097.jpg,41
001724_class390.jpg,250
001725_class366.jpg,157
001726_class378.jpg,257
001727_class360.jpg,279
001728_class131.jpg,381
001729_class246.jpg,304
001730_class112.jpg,386
001731_class185.jpg,368
001732_class079.jpg,277
001733_class319.jpg,68
001734_class084.jpg,124
001735_class099.jpg,91
001736_class286.jpg,286
001737_class263.jpg,347
001738_class371.jpg,263
001739_class179.jpg,324
001740_class145.jpg,289
001741_class355.jpg,344
001742_class239.jpg,362
001743_class355.jpg,355
001744_class010.jpg,202
001745_class134.jpg,324
001746_class119.jpg,52
001747_class308.jpg,308
001748_class135.jpg,235
001749_class293.jpg,14
001750_class326.jpg,139
001751_class016.jpg,145
001752_class078.jpg,78
001753_class225.jpg,166
001754_class177.jpg,145
001755_class029.jpg,344
001756_class069.jpg,375
001757_class102.jpg,389
001758_class331.jpg,332
001759_class025.jpg,25
001760_class073.jpg,308
001761_class032.jpg,324
001762_class095.jpg,361
001763_class260.jpg,235
001764_class093.jpg,15
001765_class167.jpg,145
001766_class349.jpg,344
001767_class382.jpg,380
001768_class278.jpg,118
001769_class176.jpg,279
001770_class107.jpg,298
001771_class251.jpg,143
001772_class309.jpg,184
001773_class372.jpg,30
001774_class266.jpg,362
001775_class345.jpg,154
001776_class378.jpg,298
001777_class234.jpg,148
001778_class053.jpg,49
001779_class374.jpg,76
001780_class031.jpg,47
001781_class217.jpg,366
001782_class246.jpg,22
001783_class326.jpg,256
001784_class151.jpg,389
001785_class396.jpg,396
001786_class034.jpg,285
001787_class146.jpg,257
001788_class267.jpg,256
001789_class109.jpg,177
001790_class063.jpg,361
001791_class179.jpg,14
001792_class157.jpg,171
001793_class219.jpg,21
001794_class125.jpg,247
001795_class260.jpg,389
001796_class064.jpg,117
001797_class083.jpg,371
001798_class369.jpg,79
001799_class299.jpg,242
001800_class174.jpg,190
001801_class257.jpg,171
001802_class178.jpg,25
001803_class314.jpg,295
001804_class043.jpg,184
001805_class317.jpg,171
001806_class252.jpg,118
001807_class185.jpg,77
001808_class080.jpg,80
001809_class347.jpg,273
001810_class312.jpg,312
001811_class384.jpg,384
001812_class194.jpg,118
001813_class226.jpg,298
001814_class141.jpg,43
001815_class013.jpg,129
001816_class301.jpg,298
001817_class319.jpg,22
001818_class094.jpg,298
001819_class103.jpg,338
001820_class311.jpg,361
001821_class121.jpg,333
001822_class163.jpg,103
001823_class042.jpg,42
001824_class152.jpg,321
001825_class223.jpg,247
001826_class171.jpg,171
001827_class392.jpg,271
001828_class272.jpg,37
001829_class249.jpg,298
001830_class088.jpg,271
001831_class321.jpg,14
001832_class339.jpg,145
001833_class081.jpg,141
001834_class066.jpg,320
001835_class262.jpg,295
001836_class001.jpg,369
001837_class012.jpg,322
001838_class190.jpg,330
001839_class014.jpg,342
001840_class369.jpg,79
001841_class136.jpg,36
001842_class125.jpg,273
001843_class235.jpg,389
001844_class100.jpg,315
001845_class036.jpg,308
001846_class106.jpg,116
001847_class208.jpg,148
001848_class326.jpg,326
001849_class316.jpg,330
001850_class384.jpg,324
001851_class013.jpg,380
001852_class383.jpg,161
001853_class378.jpg,313
001854_class259.jpg,26
001855_class237.jpg,97
001856_class186.jpg,148
001857_class147.jpg,356
001858_class060.jpg,346
001859_class297.jpg,150
001860_class220.jpg,177
001861_class333.jpg,345
001862_class306.jpg,12
001863_class061.jpg,282
001864_class204.jpg,37
001865_class153.jpg,335
001866_class163.jpg,163
001867_class152.jpg,375
001868_class151.jpg,235
001869_class308.jpg,308
001870_class253.jpg,44
001871_class371.jpg,237
001872_class083.jpg,143
001873_class175.jpg,69
001874_class048.jpg,285
001875_class038.jpg,367
001876_class241.jpg,148
001877_class074.jpg,229
001878_class042.jpg,394
001879_class242.jpg,257
001880_class386.jpg,263
001881_class127.jpg,141
001882_class033.jpg,171
001883_class227.jpg,17
001884_class197.jpg,377
001885_class395.jpg,54
001886_class026.jpg,150
001887_class302.jpg,226
001888_class253.jpg,138
001889_class073.jpg,265
001890_class006.jpg,279
001891_class121.jpg,247
001892_class025.jpg,138
001893_class170.jpg,279
001894_class144.jpg,145
001895_class329.jpg,329
001896_class144.jpg,258
001897_class155.jpg,280
001898_class185.jpg,77
001899_class388.jpg,371
001900_class136.jpg,213
001901_class378.jpg,2
001902_class033.jpg,386
001903_class061.jpg,60
001904_class093.jpg,97
001905_class225.jpg,191
001906_class335.jpg,216
001907_class120.jpg,323
001908_class336.jpg,143
001909_class112.jpg,363
001910_class360.jpg,356
001911_class064.jpg,198
001912_class302.jpg,164
001913_class180.jpg,258
001914_class093.jpg,227
001915_class375.jpg,129
001916_class185.jpg,377
001917_class280.jpg,41
001918_class255.jpg,380
001919_class006.jpg,4
001920_class348.jpg,106
001921_class262.jpg,176
001922_class160.jpg,161
001923_class137.jpg,369
001924_class387.jpg,4
001925_class178.jpg,44
001926_class209.jpg,257
001927_class355.jpg,136
001928_class053.jpg,228
001929_class112.jpg,138
001930_class037.jpg,37
001931_class249.jpg,23
001932_class317.jpg,173
001933_class370.jpg,370
001934_class027.jpg,30
001935_class090.jpg,148
001936_class081.jpg,68
001937_class342.jpg,279
001938_class153.jpg,171
001939_class228.jpg,288
001940_class219.jpg,228
001941_class158.jpg,171
001942_class251.jpg,315
001943_class393.jpg,62
001944_class290.jpg,148
001945_class355.jpg,206
001946_class296.jpg,363
001947_class325.jpg,356
001948_class051.jpg,96
001949_class300.jpg,273
001950_class096.jpg,41
001951_class235.jpg,37
001952_class394.jpg,1
001953_class358.jpg,191
001954_class028.jpg,388
001955_class124.jpg,157
001956_class186.jpg,249
001957_class333.jpg,164
001958_class387.jpg,377
001959_class242.jpg,218
001960_class032.jpg,161
001961_class201.jpg,268
001962_class304.jpg,304
001963_class192.jpg,68
001964_class217.jpg,157
001965_class378.jpg,109
001966_class197.jpg,384
001967_class111.jpg,364
001968_class073.jpg,118
001969_class023.jpg,271
001970_class098.jpg,386
001971_class147.jpg,267
001972_class135.jpg,14
001973_class115.jpg,313
001974_class142.jpg,329
001975_class263.jpg,191
001976_class013.jpg,64
001977_class278.jpg,257
001978_class277.jpg,298
001979_class174.jpg,37
001980_class049.jpg,369
001981_class339.jpg,388
001982_class187.jpg,63
001983_class054.jpg,218
001984_class199.jpg,54
001985_class390.jpg,230
001986_class285.jpg,298
001987_class184.jpg,377
001988_class177.jpg,145
001989_class340.jpg,295
001990_class331.jpg,332
001991_class193.jpg,265
001992_class133.jpg,247
001993_class032.jpg,161
001994_class331.jpg,247
001995_class058.jpg,357
001996_class340.jpg,265
001997_class188.jpg,150
001998_class094.jpg,191
001999_class336.jpg,106
002000_class022.jpg,332
002001_class163.jpg,74
002002_class099.jpg,315
002003_class243.jpg,108
002004_class252.jpg,271
002005_class241.jpg,354
002006_class284.jpg,74
002007_class127.jpg,77
002008_class046.jpg,189
002009_class241.jpg,343
002010_class336.jpg,335
002011_class174.jpg,139
002012_class214.jpg,188
002013_class027.jpg,275
002014_class308.jpg,84
002015_class147.jpg,361
002016_class215.jpg,198
002017_class182.jpg,184
002018_class131.jpg,21
002019_class153.jpg,139
002020_class364.jpg,80
002021_class127.jpg,370
002022_class016.jpg,91
002023_class160.jpg,161
002024_class298.jpg,227
002025_class013.jpg,97
002026_class345.jpg,380
002027_class370.jpg,114
002028_class166.jpg,103
002029_class159.jpg,74
002030_class306.jpg,306
002031_class227.jpg,122
002032_class307.jpg,295
002033_class256.jpg,356
002034_class010.jpg,362
002035_class205.jpg,297
002036_class343.jpg,178
002037_class374.jpg,75
002038_class179.jpg,179
002039_class226.jpg,45
002040_class112.jpg,276
002041_class093.jpg,321
002042_class054.jpg,154
002043_class304.jpg,330
002044_class238.jpg,145
002045_class285.jpg,285
002046_class091.jpg,330
002047_class141.jpg,209
002048_class288.jpg,298
002049_class042.jpg,50
002050_class112.jpg,139
002051_class331.jpg,346
002052_class302.jpg,5
002053_class083.jpg,143
002054_class095.jpg,361
002055_class353.jpg,124
002056_class319.jpg,273
002057_class201.jpg,138
002058_class136.jpg,206
002059_class111.jpg,57
002060_class280.jpg,230
002061_class221.jpg,101
002062_class146.jpg,324
002063_class395.jpg,362
002064_class382.jpg,253
002065_class166.jpg,367
002066_class015.jpg,232
002067_class008.jpg,344
002068_class357.jpg,361
002069_class156.jpg,4
002070_class024.jpg,257
002071_class212.jpg,280
002072_class085.jpg,257
002073_class034.jpg,34
002074_class299.jpg,383
002075_class007.jpg,330
002076_class349.jpg,42
002077_class181.jpg,21
002078_class138.jpg,138
002079_class195.jpg,273
002080_class014.jpg,221
002081_class053.jpg,273
002082_class300.jpg,177
002083_class118.jpg,118
002084_class292.jpg,180
002085_class076.jpg,359
002086_class105.jpg,96
002087_class114.jpg,257
002088_class268.jpg,229
002089_class196.jpg,376
002090_class201.jpg,189
002091_class375.jpg,364
002092_class058.jpg,143
002093_class249.jpg,21
002094_class133.jpg,298
002095_class301.jpg,273
002096_class170.jpg,279
002097_class164.jpg,371
002098_class072.jpg,288
002099_class328.jpg,324
002100_class030.jpg,99
002101_class012.jpg,249
002102_class137.jpg,188
002103_class263.jpg,191
002104_class076.jpg,50
002105_class182.jpg,139
002106_class205.jpg,131
002107_class216.jpg,37
002108_class239.jpg,244
002109_class313.jpg,139
002110_class222.jpg,154
002111_class027.jpg,124
002112_class288.jpg,371
002113_class075.jpg,171
002114_class055.jpg,148
002115_class351.jpg,124
002116_class047.jpg,177
002117_class234.jpg,234
002118_class001.jpg,134
002119_class378.jpg,352
002120_class261.jpg,361
002121_class242.jpg,257
002122_class205.jpg,329
002123_class003.jpg,207
002124_class159.jpg,384
002125_class196.jpg,189
002126_class082.jpg,118
002127_class245.jpg,244
002128_class193.jpg,193
002129_class161.jpg,161
002130_class252.jpg,361
002131_class132.jpg,118
002132_class087.jpg,362
002133_class101.jpg,97
002134_class318.jpg,7
002135_class065.jpg,170
002136_class241.jpg,304
002137_class266.jpg,356
002138_class160.jpg,161
002139_class354.jpg,354
002140_class072.jpg,265
002141_class289.jpg,289
002142_class121.jpg,279
002143_class251.jpg,218
002144_class127.jpg,69
002145_class193.jpg,139
002146_class073.jpg,272
002147_class224.jpg,31
002148_class138.jpg,120
002149_class276.jpg,279
002150_class040.jpg,265
002151_class089.jpg,145
002152_class331.jpg,265
002153_class360.jpg,360
002154_class073.jpg,296
002155_class223.jpg,26
002156_class132.jpg,282
002157_class130.jpg,110
002158_class274.jpg,237
002159_class325.jpg,325
002160_class330.jpg,106
002161_class021.jpg,298
002162_class088.jpg,271
002163_class210.jpg,320
002164_class174.jpg,204
002165_class329.jpg,329
002166_class040.jpg,265
002167_class266.jpg,304
002168_class214.jpg,367
002169_class345.jpg,5
002170_class375.jpg,235
002171_class345.jpg,26
002172_class296.jpg,296
002173_class112.jpg,376
002174_class199.jpg,198
002175_class336.jpg,371
002176_class356.jpg,356
002177_class082.jpg,361
002178_class349.jpg,356
002179_class010.jpg,246
002180_class257.jpg,257
002181_class350.jpg,72
002182_class254.jpg,145
002183_class393.jpg,62
002184_class194.jpg,194
002185_class262.jpg,324
002186_class292.jpg,376
002187_class176.jpg,138
002188_class055.jpg,173
002189_class144.jpg,60
002190_class332.jpg,332
002191_class349.jpg,139
002192_class289.jpg,21
002193_class307.jpg,324
002194_class022.jpg,352
002195_class002.jpg,21
002196_class127.jpg,389
002197_class068.jpg,362
002198_class088.jpg,271
002199_class167.jpg,166
002200_class355.jpg,271
002201_class052.jpg,74
002202_class289.jpg,51
002203_class281.jpg,224
002204_class013.jpg,36
002205_class380.jpg,320
002206_class142.jpg,143
002207_class385.jpg,384
002208_class219.jpg,97
002209_class381.jpg,381
002210_class317.jpg,171
002211_class240.jpg,85
002212_class330.jpg,345
002213_class357.jpg,72
002214_class212.jpg,171
002215_class040.jpg,265
002216_class247.jpg,247
002217_class234.jpg,45
002218_class274.jpg,330
002219_class209.jpg,118
002220_class304.jpg,304
002221_class162.jpg,352
002222_class210.jpg,143
002223_class181.jpg,389
002224_class370.jpg,77
002225_class396.jpg,288
002226_class021.jpg,21
002227_class006.jpg,346
002228_class072.jpg,265
002229_class090.jpg,207
002230_class283.jpg,298
002231_class328.jpg,324
002232_class201.jpg,324
002233_class245.jpg,323
002234_class341.jpg,80
002235_class153.jpg,171
002236_class132.jpg,128
002237_class221.jpg,171
002238_class236.jpg,235
002239_class245.jpg,244
002240_class009.jpg,91
002241_class203.jpg,273
002242_class053.jpg,361
002243_class066.jpg,205
002244_class190.jpg,36
002245_class190.jpg,138
002246_class343.jpg,145
002247_class369.jpg,380
002248_class181.jpg,386
002249_class220.jpg,227
002250_class042.jpg,7
002251_class381.jpg,233
002252_class304.jpg,304
002253_class136.jpg,70
002254_class245.jpg,244
002255_class255.jpg,255
002256_class332.jpg,235
002257_class001.jpg,273
002258_class048.jpg,107
002259_class103.jpg,103
002260_class006.jpg,308
002261_class353.jpg,298
002262_class342.jpg,362
002263_class178.jpg,330
002264_class320.jpg,348
002265_class287.jpg,263
002266_class287.jpg,139
002267_class192.jpg,36
002268_class287.jpg,202
002269_class391.jpg,382
002270_class352.jpg,352
002271_class281.jpg,227
002272_class083.jpg,38
002273_class008.jpg,191
002274_class046.jpg,356
002275_class212.jpg,97
002276_class223.jpg,22
002277_class345.jpg,10
002278_class169.jpg,172
002279_class093.jpg,36
002280_class033.jpg,345
002281_class301.jpg,171
002282_class281.jpg,138
002283_class049.jpg,21
002284_class173.jpg,177
002285_class011.jpg,253
002286_class157.jpg,68
002287_class070.jpg,381
002288_class250.jpg,169
002289_class277.jpg,255
002290_class325.jpg,362
002291_class307.jpg,384
002292_class207.jpg,124
002293_class021.jpg,21
002294_class371.jpg,45
002295_class230.jpg,41
002296_class005.jpg,5
002297_class210.jpg,21
002298_class070.jpg,364
002299_class318.jpg,172
002300_class314.jpg,77
002301_class167.jpg,367
002302_class210.jpg,143
002303_class176.jpg,207
002304_class199.jpg,198
002305_class357.jpg,361
002306_class240.jpg,139
002307_class173.jpg,247
002308_class396.jpg,361
002309_class224.jpg,224
002310_class186.jpg,125
002311_class076.jpg,20
002312_class284.jpg,383
002313_class186.jpg,380
002314_class181.jpg,37
002315_class270.jpg,265
002316_class060.jpg,31
002317_class282.jpg,380
002318_class222.jpg,346
002319_class242.jpg,242
002320_class027.jpg,148
002321_class222.jpg,118
002322_class221.jpg,171
002323_class333.jpg,26
002324_class382.jpg,382
002325_class182.jpg,271
002326_class317.jpg,234
002327_class223.jpg,148
002328_class120.jpg,324
002329_class304.jpg,348
002330_class373.jpg,176
002331_class087.jpg,45
002332_class279.jpg,184
002333_class186.jpg,166
002334_class252.jpg,346
002335_class025.jpg,42
002336_class056.jpg,394
002337_class281.jpg,386
002338_class177.jpg,380
002339_class050.jpg,273
002340_class285.jpg,286
002341_class040.jpg,216
002342_class359.jpg,97
002343_class228.jpg,173
002344_class358.jpg,118
002345_class016.jpg,247
002346_class279.jpg,386
002347_class092.jpg,173
002348_class188.jpg,367
002349_class018.jpg,31
002350_class005.jpg,5
002351_class032.jpg,161
002352_class134.jpg,221
002353_class205.jpg,21
002354_class376.jpg,260
002355_class340.jpg,160
002356_class185.jpg,185
002357_class295.jpg,161
002358_class163.jpg,321
002359_class062.jpg,62
002360_class370.jpg,161
002361_class205.jpg,41
002362_class276.jpg,284
002363_class072.jpg,381
002364_class328.jpg,342
002365_class371.jpg,213
002366_class245.jpg,189
002367_class105.jpg,122
002368_class104.jpg,97
002369_class255.jpg,297
002370_class229.jpg,224
002371_class284.jpg,379
002372_class066.jpg,207
002373_class346.jpg,279
002374_class222.jpg,145
002375_class223.jpg,271
002376_class173.jpg,75
002377_class090.jpg,214
002378_class342.jpg,342
002379_class025.jpg,304
002380_class137.jpg,137
002381_class116.jpg,116
002382_class190.jpg,320
002383_class089.jpg,369
002384_class000.jpg,44
002385_class280.jpg,97
002386_class007.jpg,320
002387_class185.jpg,370
002388_class040.jpg,224
002389_class200.jpg,14
002390_class326.jpg,382
002391_class126.jpg,235
002392_class053.jpg,53
002393_class148.jpg,171
002394_class336.jpg,33
002395_class194.jpg,247
002396_class023.jpg,23
002397_class365.jpg,229
002398_class206.jpg,354
002399_class185.jpg,268
002400_class188.jpg,227
002401_class107.jpg,236
002402_class232.jpg,14
002403_class086.jpg,381
002404_class165.jpg,145
002405_class344.jpg,64
002406_class266.jpg,304
002407_class011.jpg,175
002408_class297.jpg,318
002409_class296.jpg,370
002410_class122.jpg,298
002411_class338.jpg,171
002412_class226.jpg,21
002413_class254.jpg,207
002414_class085.jpg,191
002415_class158.jpg,80
002416_class243.jpg,124
002417_class310.jpg,254
002418_class270.jpg,386
002419_class002.jpg,14
002420_class059.jpg,59
002421_class209.jpg,141
002422_class382.jpg,226
002423_class309.jpg,309
002424_class347.jpg,103
002425_class297.jpg,289
002426_class187.jpg,272
002427_class131.jpg,97
002428_class331.jpg,332
002429_class097.jpg,255
002430_class136.jpg,36
002431_class396.jpg,377
002432_class034.jpg,34
002433_class189.jpg,351
002434_class053.jpg,288
002435_class112.jpg,139
002436_class125.jpg,361
002437_class012.jpg,283
002438_class107.jpg,122
002439_class362.jpg,362
002440_class281.jpg,257
002441_class215.jpg,295
002442_class281.jpg,63
002443_class270.jpg,37
002444_class334.jpg,312
002445_class165.jpg,21
002446_class092.jpg,52
002447_class183.jpg,389
002448_class309.jpg,235
002449_class377.jpg,200
002450_class194.jpg,124
002451_class009.jpg,51
002452_class216.jpg,377
002453_class130.jpg,380
002454_class154.jpg,154
002455_class121.jpg,308
002456_class176.jpg,329
002457_class232.jpg,176
002458_class254.jpg,320
002459_class090.jpg,298
002460_class270.jpg,72
002461_class347.jpg,361
002462_class064.jpg,272
002463_class085.jpg,31
002464_class211.jpg,37
002465_class058.jpg,249
002466_class035.jpg,383
002467_class125.jpg,273
002468_class304.jpg,304
002469_class305.jpg,138
002470_class225.jpg,250
002471_class143.jpg,62
002472_class053.jpg,315
002473_class375.jpg,80
002474_class219.jpg,47
002475_class185.jpg,257
002476_class220.jpg,22
002477_class176.jpg,193
002478_class259.jpg,380
002479_class194.jpg,361
002480_class266.jpg,361
002481_class183.jpg,386
002482_class003.jpg,146
002483_class075.jpg,357
002484_class117.jpg,97
002485_class119.jpg,370
002486_class236.jpg,97
002487_class299.jpg,243
002488_class179.jpg,110
002489_class248.jpg,361
002490_class197.jpg,383
002491_class087.jpg,161
002492_class005.jpg,12
002493_class143.jpg,143
002494_class177.jpg,18
002495_class173.jpg,393
002496_class095.jpg,185
002497_class043.jpg,308
002498_class349.jpg,348
002499_class036.jpg,330
002500_class227.jpg,104
002501_class011.jpg,237
002502_class060.jpg,266
002503_class091.jpg,138
002504_class353.jpg,171
002505_class256.jpg,344
002506_class357.jpg,91
002507_class316.jpg,138
002508_class342.jpg,138
002509_class150.jpg,247
002510_class360.jpg,273
002511_class288.jpg,298
002512_class002.jpg,31
002513_class016.jpg,145
002514_class314.jpg,102
002515_class230.jpg,31
002516_class136.jpg,388
002517_class190.jpg,189
002518_class019.jpg,37
002519_class065.jpg,77
002520_class057.jpg,395
002521_class387.jpg,310
002522_class087.jpg,276
002523_class036.jpg,272
002524_class151.jpg,189
002525_class081.jpg,145
002526_class205.jpg,31
002527_class308.jpg,343
002528_class110.jpg,204
002529_class234.jpg,148
002530_class233.jpg,124
002531_class105.jpg,122
002532_class301.jpg,249
002533_class200.jpg,46
002534_class051.jpg,150
002535_class157.jpg,307
002536_class257.jpg,257
002537_class105.jpg,220
002538_class300.jpg,31
002539_class275.jpg,389
002540_class374.jpg,173
002541_class391.jpg,377
002542_class135.jpg,380
002543_class317.jpg,105
002544_class159.jpg,161
002545_class200.jpg,288
002546_class029.jpg,367
002547_class056.jpg,352
002548_class169.jpg,129
002549_class340.jpg,141
002550_class198.jpg,198
002551_class242.jpg,257
002552_class195.jpg,166
002553_class147.jpg,386
002554_class019.jpg,37
002555_class170.jpg,164
002556_class141.jpg,235
002557_class312.jpg,310
002558_class220.jpg,220
002559_class067.jpg,298
002560_class113.jpg,320
002561_class392.jpg,384
002562_class203.jpg,12
002563_class088.jpg,124
002564_class181.jpg,386
002565_class393.jpg,273
002566_class027.jpg,273
002567_class264.jpg,273
002568_class275.jpg,315
002569_class142.jpg,207
002570_class312.jpg,312
002571_class230.jpg,110
002572_class149.jpg,37
002573_class351.jpg,22
002574_class203.jpg,335
002575_class179.jpg,91
002576_class142.jpg,143
002577_class287.jpg,391
002578_class003.jpg,103
002579_class336.jpg,34
002580_class075.jpg,103
002581_class337.jpg,362
002582_class301.jpg,97
002583_class268.jpg,375
002584_class086.jpg,231
002585_class229.jpg,176
002586_class337.jpg,333
002587_class161.jpg,160
002588_class128.jpg,51
002589_class244.jpg,1
002590_class370.jpg,370
002591_class047.jpg,177
002592_class272.jpg,117
002593_class341.jpg,258
002594_class158.jpg,147
002595_class335.jpg,361
002596_class390.jpg,257
002597_class328.jpg,181
002598_class046.jpg,189
002599_class192.jpg,278
002600_class239.jpg,77
002601_class034.jpg,34
002602_class045.jpg,247
002603_class117.jpg,124
002604_class066.jpg,148
002605_class264.jpg,273
002606_class132.jpg,132
002607_class119.jpg,362
002608_class088.jpg,361
002609_class204.jpg,389
002610_class248.jpg,273
002611_class355.jpg,274
002612_class191.jpg,191
002613_class351.jpg,124
002614_class051.jpg,5
002615_class248.jpg,263
002616_class094.jpg,198
002617_class098.jpg,235
002618_class048.jpg,206
002619_class179.jpg,278
002620_class022.jpg,273
002621_class241.jpg,91
002622_class225.jpg,12
002623_class223.jpg,26
002624_class372.jpg,16
002625_class172.jpg,170
002626_class113.jpg,21
002627_class393.jpg,324
002628_class386.jpg,4
002629_class153.jpg,221
002630_class360.jpg,37
002631_class374.jpg,173
002632_class142.jpg,380
002633_class374.jpg,171
002634_class184.jpg,138
002635_class277.jpg,12
002636_class057.jpg,77
002637_class047.jpg,259
002638_class113.jpg,298
002639_class296.jpg,296
002640_class334.jpg,250
002641_class034.jpg,275
002642_class294.jpg,384
002643_class179.jpg,14
002644_class245.jpg,244
002645_class218.jpg,368
002646_class314.jpg,189
002647_class140.jpg,173
002648_class184.jpg,200
002649_class032.jpg,161
002650_class009.jpg,124
002651_class255.jpg,219
002652_class029.jpg,221
002653_class007.jpg,191
002654_class205.jpg,205
002655_class046.jpg,46
002656_class087.jpg,279
002657_class202.jpg,258
002658_class228.jpg,113
002659_class023.jpg,173
002660_class323.jpg,323
002661_class234.jpg,177
002662_class243.jpg,138
002663_class111.jpg,389
002664_class318.jpg,318
002665_class123.jpg,10
002666_class291.jpg,237
002667_class396.jpg,130
002668_class152.jpg,389
002669_class067.jpg,51
002670_class298.jpg,298
002671_class170.jpg,221
002672_class232.jpg,240
002673_class330.jpg,207
002674_class168.jpg,77
002675_class086.jpg,384
002676_class131.jpg,192
002677_class196.jpg,389
002678_class108.jpg,237
002679_class130.jpg,380
002680_class099.jpg,99
002681_class208.jpg,171
002682_class151.jpg,77
002683_class054.jpg,74
002684_class287.jpg,257
002685_class100.jpg,173
002686_class011.jpg,308
002687_class097.jpg,124
002688_class047.jpg,380
002689_class322.jpg,45
002690_class103.jpg,129
002691_class016.jpg,247
002692_class079.jpg,79
002693_class117.jpg,298
002694_class358.jpg,250
002695_class292.jpg,204
002696_class016.jpg,247
002697_class056.jpg,380
002698_class291.jpg,265
002699_class076.jpg,60
002700_class246.jpg,246
002701_class236.jpg,308
002702_class301.jpg,247
002703_class181.jpg,174
002704_class330.jpg,298
002705_class260.jpg,160
002706_class241.jpg,141
002707_class002.jpg,22
002708_class263.jpg,263
002709_class224.jpg,335
002710_class038.jpg,298
002711_class040.jpg,291
002712_class203.jpg,203
002713_class290.jpg,290
002714_class256.jpg,299
002715_class016.jpg,125
002716_class360.jpg,44
002717_class357.jpg,357
002718_class067.jpg,277
002719_class221.jpg,124
002720_class055.jpg,18
002721_class328.jpg,324
002722_class243.jpg,361
002723_class262.jpg,161
002724_class180.jpg,356
002725_class300.jpg,22
002726_class183.jpg,335
002727_class012.jpg,384
002728_class034.jpg,101
002729_class017.jpg,240
002730_class020.jpg,124
002731_class035.jpg,237
002732_class053.jpg,361
002733_class015.jpg,15
002734_class313.jpg,118
002735_class354.jpg,313
002736_class151.jpg,270
002737_class353.jpg,145
002738_class138.jpg,138
002739_class395.jpg,361
002740_class199.jpg,11
002741_class144.jpg,21
002742_class379.jpg,299
002743_class271.jpg,109
002744_class198.jpg,199
002745_class066.jpg,304
002746_class033.jpg,298
002747_class317.jpg,148
002748_class210.jpg,320
002749_class179.jpg,116
002750_class119.jpg,350
002751_class077.jpg,77
002752_class371.jpg,273
002753_class276.jpg,63
002754_class094.jpg,258
002755_class231.jpg,164
002756_class282.jpg,282
002757_class227.jpg,124
002758_class092.jpg,92
002759_class360.jpg,123
002760_class196.jpg,4
002761_class134.jpg,310
002762_class335.jpg,335
002763_class310.jpg,254
002764_class393.jpg,58
002765_class264.jpg,124
002766_class351.jpg,330
002767_class040.jpg,37
002768_class359.jpg,171
002769_class355.jpg,129
002770_class217.jpg,157
002771_class244.jpg,358
002772_class245.jpg,323
002773_class130.jpg,205
002774_class183.jpg,156
002775_class299.jpg,357
002776_class140.jpg,280
002777_class201.jpg,200
002778_class071.jpg,191
002779_class090.jpg,97
002780_class254.jpg,254
002781_class007.jpg,171
002782_class129.jpg,273
002783_class150.jpg,150
002784_class303.jpg,389
002785_class248.jpg,257
002786_class133.jpg,380
002787_class215.jpg,69
002788_class354.jpg,34
002789_class149.jpg,139
002790_class048.jpg,110
002791_class381.jpg,381
002792_class081.jpg,173
002793_class306.jpg,308
002794_class266.jpg,2
002795_class037.jpg,304
002796_class031.jpg,324
002797_class132.jpg,380
002798_class100.jpg,315
002799_class238.jpg,330
002800_class009.jpg,70
002801_class242.jpg,82
002802_class014.jpg,224
002803_class177.jpg,345
002804_class326.jpg,382
002805_class303.jpg,36
002806_class101.jpg,207
002807_class187.jpg,8
002808_class201.jpg,382
002809_class067.jpg,280
002810_class349.jpg,356
002811_class230.jpg,257
002812_class203.jpg,344
002813_class113.jpg,21
002814_class348.jpg,31
002815_class360.jpg,139
002816_class183.jpg,370
002817_class049.jpg,22
002818_class127.jpg,308
002819_class307.jpg,161
002820_class006.jpg,347
002821_class216.jpg,46
002822_class347.jpg,263
002823_class007.jpg,60
002824_class158.jpg,44
002825_class063.jpg,193
002826_class241.jpg,289
002827_class133.jpg,118
002828_class011.jpg,335
002829_class341.jpg,26
002830_class165.jpg,165
002831_class198.jpg,279
002832_class233.jpg,173
002833_class269.jpg,371
002834_class022.jpg,116
002835_class121.jpg,138
002836_class304.jpg,324
002837_class381.jpg,361
002838_class282.jpg,38
002839_class066.jpg,207
002840_class281.jpg,129
002841_class039.jpg,344
002842_class163.jpg,362
002843_class349.jpg,139
002844_class146.jpg,31
002845_class300.jpg,300
002846_class392.jpg,288
002847_class274.jpg,109
002848_class295.jpg,385
002849_class293.jpg,298
002850_class093.jpg,97
002851_class277.jpg,249
002852_class039.jpg,263
002853_class117.jpg,247
002854_class095.jpg,313
002855_class128.jpg,128
002856_class212.jpg,150
002857_class234.jpg,171
002858_class365.jpg,370
002859_class068.jpg,273
002860_class320.jpg,91
002861_class256.jpg,256
002862_class087.jpg,232
002863_class051.jpg,150
002864_class385.jpg,138
002865_class063.jpg,209
002866_class101.jpg,67
002867_class326.jpg,382
002868_class222.jpg,154
002869_class107.jpg,298
002870_class055.jpg,62
002871_class346.jpg,346
002872_class244.jpg,308
002873_class367.jpg,232
002874_class019.jpg,37
002875_class274.jpg,273
002876_class296.jpg,352
002877_class086.jpg,330
002878_class350.jpg,91
002879_class310.jpg,329
002880_class142.jpg,143
002881_class092.jpg,92
002882_class373.jpg,320
002883_class333.jpg,266
002884_class249.jpg,344
002885_class092.jpg,361
002886_class209.jpg,0
002887_class162.jpg,265
002888_class203.jpg,344
002889_class326.jpg,191
002890_class035.jpg,232
002891_class104.jpg,171
002892_class219.jpg,236
002893_class193.jpg,129
002894_class376.jpg,75
002895_class146.jpg,31
002896_class134.jpg,103
002897_class144.jpg,246
002898_class242.jpg,209
002899_class390.jpg,390
002900_class394.jpg,333
002901_class073.jpg,307
002902_class193.jpg,299
002903_class228.jpg,273
002904_class252.jpg,232
002905_class211.jpg,36
002906_class317.jpg,367
002907_class265.jpg,265
002908_class052.jpg,118
002909_class251.jpg,230
002910_class116.jpg,26
002911_class235.jpg,235
002912_class305.jpg,295
002913_class115.jpg,364
002914_class175.jpg,177
002915_class100.jpg,31
002916_class020.jpg,150
002917_class221.jpg,313
002918_class331.jpg,37
002919_class272.jpg,272
002920_class241.jpg,66
002921_class034.jpg,277
002922_class293.jpg,139
002923_class308.jpg,92
002924_class116.jpg,106
002925_class092.jpg,91
002926_class169.jpg,154
002927_class126.jpg,189
002928_class155.jpg,50
002929_class036.jpg,348
002930_class246.jpg,246
002931_class318.jpg,92
002932_class050.jpg,288
002933_class382.jpg,383
002934_class145.jpg,16
002935_class297.jpg,75
002936_class282.jpg,109
002937_class025.jpg,40
002938_class283.jpg,101
002939_class289.jpg,62
002940_class256.jpg,14
002941_class029.jpg,41
002942_class036.jpg,118
002943_class257.jpg,356
002944_class168.jpg,364
002945_class162.jpg,43
002946_class302.jpg,4
002947_class064.jpg,263
002948_class120.jpg,120
002949_class131.jpg,320
002950_class152.jpg,77
002951_class086.jpg,92
002952_class100.jpg,273
002953_class147.jpg,147
002954_class073.jpg,292
002955_class082.jpg,20
002956_class254.jpg,235
002957_class212.jpg,273
002958_class098.jpg,69
002959_class058.jpg,15
002960_class213.jpg,214
002961_class019.jpg,304
002962_class194.jpg,344
002963_class141.jpg,141
002964_class111.jpg,168
002965_class128.jpg,131
002966_class248.jpg,289
002967_class387.jpg,310
002968_class302.jpg,171
002969_class358.jpg,110
002970_class178.jpg,116
002971_class045.jpg,145
002972_class210.jpg,367
002973_class300.jpg,361
002974_class313.jpg,313
002975_class195.jpg,68
002976_class113.jpg,0
002977_class382.jpg,380
